League,Season,Date,ws_id,ws_season_id
Albanian Kategoria Superiore,23-24,Data Final for 23-24,48,-4540
Andorra Primera Divisió,23-24,Data Final for 23-24,139,-4535
Argentina LPF,2023,Data Final for 2023,87,-4001
Argentina Primera Nacional,2023,Data Final for 2023,88,-3991
Argentina Reserve League,2023,Data Final for 2023,1255,-4665
Armenian Premier League,23-24,Data Final for 23-24,143,-4439
A-League Men,23-24,Data Final for 23-24,283,-4678
Victoria NPL,2023,Data Final for 2023,318,-3938
New South Wales NPL,2023,Data Final for 2023,606,-3964
South Australia NPL,2023,Data Final for 2023,607,-4009
Queensland NPL,2023,Data Final for 2023,608,-4035
Capital Territory NPL,2023,Data Final for 2023,624,-4070
Austrian Bundesliga,23-24,Data Final for 23-24,49,-4321
Austrian 2. Liga,23-24,Data Final for 23-24,50,-4322
Azeri Premyer Liqa,23-24,Data Final for 23-24,106,-4483
Azeri Birinci Dasta,23-24,Data Final for 23-24,581,-4574
Bahrain Premier League,23-24,Data Final for 23-24,238,-4624
Belgian Pro League,23-24,Data Final for 23-24,24,-4323
Belgian First Division B,23-24,Data Final for 23-24,52,-4324
Bolivian LFPB,2023,Data Final for 2023,69,-3954
Bosnian Premier League,23-24,Data Final for 23-24,64,-4314
Brasileirão,2023,Data Final for 2023,26,-4097
Brazil Serie B,2023,Data Final for 2023,89,-4095
Brazil Serie C,2023,Data Final for 2023,321,-4096
Bulgarian First League,23-24,Data Final for 23-24,59,-4292
Cambodian Premier League,23-24,Data Final for 23-24,797,-4084
Canadian Premier League,2023,Data Final for 2023,-398,-4082
Chilean Primera División,2023,Data Final for 2023,90,-3982
Chilean Primera B,2023,Data Final for 2023,438,-4006
Chinese Super League,2023,Data Final for 2023,51,-5137
China League One,2023,Data Final for 2023,148,-5150
China League Two,2023,Data Final for 2023,-293,-5167
Colombian Primera A,2023,Data Final for 2023,91,-3949
Colombian Torneo BetPlay,2023,Data Final for 2023,448,-3950
Costa Rican Primera División,23-24,Data Final for 23-24,315,-4372
1. HNL,23-24,Data Final for 23-24,61,-4296
2. HNL,23-24,Data Final for 23-24,62,-4419
Cyprus 1. Division,23-24,Data Final for 23-24,75,-4413
Cyprus 2. Division,23-24,Data Final for 23-24,486,-4619
Czech Fortuna Liga,23-24,Data Final for 23-24,82,-4350
Czech FNL,23-24,Data Final for 23-24,83,-4351
Czech 1. Liga U19,23-24,Data Final for 23-24,1071,-5411
Czech U17 League,23-24,Data Final for 23-24,-741,-5517
Superliga,23-24,Data Final for 23-24,30,-4286
Danish 1. Division,23-24,Data Final for 23-24,39,-5273
Danish 2. Division,23-24,Data Final for 23-24,40,-4383
Danish 3. Division,23-24,Data Final for 23-24,-594,-4385
Danish U19 Division,23-24,Data Final for 23-24,-267,-4371
Danish U17 Division,23-24,Data Final for 23-24,-268,-4370
Danish U19 Ligaen,23-24,Data Final for 23-24,1072,-4367
Danish U17 Ligaen,23-24,Data Final for 23-24,1189,-4366
Ecuador Liga Pro,2023,Data Final for 2023,165,-3985
Egyptian Premier League,23-24,Data Final for 23-24,206,-4718
El Salvador Primera División,23-24,Data Final for 23-24,378,-4336
Premier League,23-24,Data Final for 23-24,8,-4330
Championship,23-24,Data Final for 23-24,70,-4328
League One,23-24,Data Final for 23-24,15,-4327
League Two,23-24,Data Final for 23-24,32,-4329
English National League,23-24,Data Final for 23-24,71,-4392
English National League North South,23-24,Data Final for 23-24,302,-4411
Estonia Meistriliiga,2023,Data Final for 2023,111,-4040
Estonian Esiliiga A,2023,Data Final for 2023,112,-5001
Veikkausliiga,2023,Data Final for 2023,22,-4073
Ykkönen,2023,Data Final for 2023,35,-4125
Ligue 1,23-24,Data Final for 23-24,16,-5312
Ligue 2,23-24,Data Final for 23-24,17,-4428
French National 1,23-24,Data Final for 23-24,57,-4510
Erovnuli Liga,2023,Data Final for 2023,166,-4011
Erovnuli Liga 2,2023,Data Final for 2023,761,-4014
Bundesliga,23-24,Data Final for 23-24,9,-4315
2. Bundesliga,23-24,Data Final for 23-24,11,-4313
3. Liga,23-24,Data Final for 23-24,622,-4382
Regionalliga,23-24,Data Final for 23-24,55,-4333
U19 Bundesliga,23-24,Data Final for 23-24,945,-4442
U17 Bundesliga,23-24,Data Final for 23-24,-223,-4447
Greek Super League,23-24,Data Final for 23-24,107,-4457
Greek U19 Super League,23-24,Data Final for 23-24,-550,-4618
Guatemalan Liga Nacional,23-24,Data Final for 23-24,320,-4373
Honduran Liga Nacional,23-24,Data Final for 23-24,463,-4379
Hong Kong Premier League,23-24,Data Final for 23-24,113,-4587
NB I,23-24,Data Final for 23-24,67,-4340
NB II,23-24,Data Final for 23-24,68,-4378
Besta-deild karla,2023,Data Final for 2023,31,-4103
Iceland 1. Deild,2023,Data Final for 2023,38,-4176
Indian Super League,23-24,Data Final for 23-24,1417,-4677
BRI Liga 1,23-24,Data Final for 23-24,629,-4381
Ligat ha'Al,23-24,Data Final for 23-24,117,-4404
Liga Leumit,23-24,Data Final for 23-24,141,-4405
Serie A,23-24,Data Final for 23-24,13,-4335
Serie B,23-24,Data Final for 23-24,14,-4387
Serie C,23-24,Data Final for 23-24,53,-4603
Primavera 1,23-24,Data Final for 23-24,952,-4528
J1,2023,Data Final for 2023,109,-3996
J2,2023,Data Final for 2023,110,-3997
J3,2023,Data Final for 2023,1272,-4015
Jordan Pro League,23-24,Data Final for 23-24,218,-4139
Kazakh Premier League,2023,Data Final for 2023,79,-4041
Kazakh 1. Division,2023,Data Final for 2023,279,-5095
Kazakh 2. Division,2023,Data Final for 2023,-773,-5139
Kazakh U18 League,2023,Data Final for 2023,-764,-5099
K League 1,2023,Data Final for 2023,136,-4938
K League 2,2023,Data Final for 2023,1110,-4010
K4 League,2023,Data Final for 2023,-537,-4994
K3 League,2023,Data Final for 2023,618,-4048
Kosovo Superliga,23-24,Data Final for 23-24,1152,-4525
Kyrgyz Premier League,2023,Data Final for 2023,795,-4086
Latvian Virsliga,2023,Data Final for 2023,116,-4064
Latvian 1. Liga,2023,Data Final for 2023,265,-4140
Lithuanian A Lyga,2023,Data Final for 2023,118,-5014
Lithuanian 1 Lyga,2023,Data Final for 2023,258,-4102
Luxembourg National Division,23-24,Data Final for 23-24,134,-4400
Malaysian Super League,2023,Data Final for 2023,153,-4049
Malta Premier League,23-24,Data Final for 23-24,152,-4467
Malta Challenge League,23-24,Data Final for 23-24,473,-4468
Liga MX,23-24,Data Final for 23-24,155,-4274
Liga de Expansión MX,23-24,Data Final for 23-24,156,-4273
Mexican U23 League,23-24,Data Final for 23-24,-799,-5304
Mexican U18 League,23-24,Data Final for 23-24,-596,-4284
Moldovan Super Liga,23-24,Data Final for 23-24,80,-4345
Motenegro First League,23-24,Data Final for 23-24,445,-4338
Motenegro Second League,23-24,Data Final for 23-24,566,-4399
Botola Pro,23-24,Data Final for 23-24,209,-4601
Eredivisie,23-24,Data Final for 23-24,1,-4349
Eerste Divisie,23-24,Data Final for 23-24,5,-4352
Tweede Divisie,23-24,Data Final for 23-24,1484,-4412
New Zealand National League,2023,Data Final for 2023,-710,-5738
Nicaragua Primera Division,23-24,Data Final for 23-24,351,-4348
Nigerian Creative Championship,23-24,Data Final for 23-24,-911,-5769
North Macedonia First League,23-24,Data Final for 23-24,65,-4506
Northern Irish Premiership,23-24,Data Final for 23-24,78,-4356
Eliteserien,2023,Data Final for 2023,29,-4074
OBOS Ligaen,2023,Data Final for 2023,36,-4076
Norwegian 2. Division,2023,Data Final for 2023,503,-4083
Panama LPF,2023,Data Final for 2023,525,-3993
Paraguay Division Profesional,2023,Data Final for 2023,157,-3937
Peruvian Liga 1,2023,Data Final for 2023,158,-3914
Ekstraklasa,23-24,Data Final for 23-24,119,-4306
Polish I Liga,23-24,Data Final for 23-24,120,-4307
Polish II Liga,23-24,Data Final for 23-24,558,-4320
Primeira Liga,23-24,Data Final for 23-24,63,-4393
Portuguese Segunda Liga,23-24,Data Final for 23-24,100,-4394
Portuguese Liga 3,23-24,Data Final for 23-24,-599,-4488
Campeonato de Portugal,23-24,Data Final for 23-24,101,-5571
Qatari Stars League,23-24,Data Final for 23-24,215,-4355
Irish Premier Division,2023,Data Final for 2023,34,-3941
Irish First Division,2023,Data Final for 2023,77,-3940
Romanian Superliga,23-24,Data Final for 23-24,85,-4334
Romanian Liga II,23-24,Data Final for 23-24,159,-4435
Russian Premier League,23-24,Data Final for 23-24,121,-4311
Russian First League,23-24,Data Final for 23-24,122,-4361
Saudi Pro League,23-24,Data Final for 23-24,216,-4534
Saudi Division 1,23-24,Data Final for 23-24,573,-4545
Scottish Premiership,23-24,Data Final for 23-24,43,-4341
Scottish Championship,23-24,Data Final for 23-24,45,-4342
Scottish League One,23-24,Data Final for 23-24,46,-4343
Scottish League Two,23-24,Data Final for 23-24,47,-4344
Serbian Super Liga,23-24,Data Final for 23-24,440,-4293
Serbian Prva Liga,23-24,Data Final for 23-24,441,-4346
Serbian U19 League,23-24,Data Final for 23-24,-777,-5631
Serbian U17 League,23-24,Data Final for 23-24,-880,-5633
Singapore Premier League,2023,Data Final for 2023,137,-4036
Slovak Super Liga,23-24,Data Final for 23-24,123,-4295
Slovak 2. Liga,23-24,Data Final for 23-24,124,-4363
Slovak U19 League,23-24,Data Final for 23-24,123,-4295
Slovenian 1. SNL,23-24,Data Final for 23-24,86,-4300
Slovenian 2. SNL,23-24,Data Final for 23-24,299,-5289
La Liga,23-24,Data Final for 23-24,7,-4353
La Liga 2,23-24,Data Final for 23-24,12,-4354
Primera RFEF,23-24,Data Final for 23-24,-602,-4520
Segunda RFEF,23-24,Data Final for 23-24,-613,-4604
Allsvenskan,2023,Data Final for 2023,28,-4077
Superettan,2023,Data Final for 2023,37,-4078
Ettan,2023,Data Final for 2023,427,-4079
Swiss Super League,23-24,Data Final for 23-24,27,-4298
Swiss Challenge League,23-24,Data Final for 23-24,99,-4297
Swiss 1. Liga Classic,23-24,Data Final for 23-24,554,-5380
Swiss 1. Liga Promotion,23-24,Data Final for 23-24,1043,-5368
Thai League 1,23-24,Data Final for 23-24,519,-4462
Thai League 2,23-24,Data Final for 23-24,782,-4461
Tunisia Ligue 1,23-24,Data Final for 23-24,210,-4679
Süper Lig,23-24,Data Final for 23-24,19,-4401
Turkish 1. Lig,23-24,Data Final for 23-24,97,-4403
Ukrainian Premier League,23-24,Data Final for 23-24,125,-4566
Ukrainian Persha Liga,23-24,Data Final for 23-24,233,-4572
UAE Pro League,23-24,Data Final for 23-24,344,-4536
MLS,2023,Data Final for 2023,33,-3994
USL Championship,2023,Data Final for 2023,1133,-4066
USL League 1,2023,Data Final for 2023,-389,-4075
MLS Next Pro,2023,Data Final for 2023,-658,-5097
Uruguay Primera División,2023,Data Final for 2023,162,-3983
Uzbek Super League,2023,Data Final for 2023,494,-4045
V.League 1,23-24,Data Final for 23-24,234,-4899
Welsh Premier League,23-24,Data Final for 23-24,74,-4397
Premier League,22-23,Data Final for 22-23,8,-3436
Championship,22-23,Data Final for 22-23,70,-3437
League One,22-23,Data Final for 22-23,15,-3438
League Two,22-23,Data Final for 22-23,32,-3453
Bundesliga,22-23,Data Final for 22-23,9,-3423
2. Bundesliga,22-23,Data Final for 22-23,11,-3417
3. Liga,22-23,Data Final for 22-23,622,-3451
La Liga,22-23,Data Final for 22-23,7,-3465
La Liga 2,22-23,Data Final for 22-23,12,-3467
Primera RFEF,22-23,Data Final for 22-23,-602,-3609
Serie A,22-23,Data Final for 22-23,13,-3501
Serie B,22-23,Data Final for 22-23,14,-3541
Serie C,22-23,Data Final for 22-23,53,-3648
Ligue 1,22-23,Data Final for 22-23,16,-3463
Ligue 2,22-23,Data Final for 22-23,17,-3439
French National 1,22-23,Data Final for 22-23,57,-3533
MLS,2022,Data Final for 2022,33,-3276
USL Championship,2022,Data Final for 2022,1133,-3280
USL League 1,2022,Data Final for 2022,-389,-3278
J1,2022,Data Final for 2022,109,-3142
J2,2022,Data Final for 2022,110,-3140
J3,2022,Data Final for 2022,1272,-3141
K League 1,2022,Data Final for 2022,136,-3175
K League 2,2022,Data Final for 2022,1110,-3178
K4 League,2022,Data Final for 2022,-537,-3251
K3 League,2022,Data Final for 2022,618,-3250
Chinese Super League,2022,Data Final for 2022,51,-3299
China League One,2022,Data Final for 2022,148,-3304
Allsvenskan,2022,Data Final for 2022,28,-3150
Superettan,2022,Data Final for 2022,37,-3151
Ettan,2022,Data Final for 2022,427,-3264
Eliteserien,2022,Data Final for 2022,29,-3145
OBOS Ligaen,2022,Data Final for 2022,36,-3149
Norwegian 2. Division,2022,Data Final for 2022,503,-3366
Veikkausliiga,2022,Data Final for 2022,22,-2484
Ykkönen,2022,Data Final for 2022,35,-3309
Kazakh Premier League,2022,Data Final for 2022,79,-3229
Kyrgyz Premier League,2022,Data Final for 2022,795,-3248
Latvian Virsliga,2022,Data Final for 2022,116,-3237
Lithuanian A Lyga,2022,Data Final for 2022,118,-3215
Estonia Meistriliiga,2022,Data Final for 2022,111,-4039
Belgian Pro League,22-23,Data Final for 22-23,24,-3390
Belgian First Division B,22-23,Data Final for 22-23,52,-3478
Eredivisie,22-23,Data Final for 22-23,1,-3466
Eerste Divisie,22-23,Data Final for 22-23,5,-3455
Tweede Divisie,22-23,Data Final for 22-23,1484,-3507
Primeira Liga,22-23,Data Final for 22-23,63,-3487
Portuguese Segunda Liga,22-23,Data Final for 22-23,100,-3488
Portuguese Liga 3,22-23,Data Final for 22-23,-599,-3563
Ekstraklasa,22-23,Data Final for 22-23,119,-3429
Polish I Liga,22-23,Data Final for 22-23,120,-3454
Polish II Liga,22-23,Data Final for 22-23,558,-3473
Saudi Pro League,22-23,Data Final for 22-23,216,-3557
Premier League,21-22,Data Final for 21-22,8,-2816
Championship,21-22,Data Final for 21-22,70,-2823
League One,21-22,Data Final for 21-22,15,-2832
League Two,21-22,Data Final for 21-22,32,-2834
Bundesliga,21-22,Data Final for 21-22,9,-2852
2. Bundesliga,21-22,Data Final for 21-22,11,-2853
3. Liga,21-22,Data Final for 21-22,622,-2845
La Liga,21-22,Data Final for 21-22,7,-2867
La Liga 2,21-22,Data Final for 21-22,12,-2868
Primera RFEF,21-22,Data Final for 21-22,-602,-3608
Serie A,21-22,Data Final for 21-22,13,-2869
Serie B,21-22,Data Final for 21-22,14,-2916
Serie C,21-22,Data Final for 21-22,53,-2922
Ligue 1,21-22,Data Final for 21-22,16,-2715
Ligue 2,21-22,Data Final for 21-22,17,-2800
French National 1,21-22,Data Final for 21-22,57,-2796
Süper Lig,22-23,Data Final for 22-23,19,-3510
Turkish 1. Lig,22-23,Data Final for 22-23,97,-3511
Scottish Premiership,22-23,Data Final for 22-23,43,-3446
Scottish Championship,22-23,Data Final for 22-23,45,-3447
Scottish League One,22-23,Data Final for 22-23,46,-3449
Argentina Copa de la Liga,2024,"Data as of Oct. 15, 2024",-943,-5920
Argentina Primera Nacional,2024,"Data as of Oct. 15, 2024",88,-4896
New South Wales NPL,2024,"Data as of Oct. 15, 2024",606,-4841
Queensland NPL,2024,"Data as of Oct. 15, 2024",608,-4937
Queensland Premier League,2024,"Data as of Oct. 15, 2024",-730,-5972
South Australia NPL,2024,"Data as of Oct. 15, 2024",607,-4934
South Australia State League 1,2024,"Data as of Oct. 15, 2024",-728,-5090
Victoria NPL,2024,"Data as of Oct. 15, 2024",318,-4843
Bolivian LFPB,2024,"Data as of Oct. 15, 2024",69,-4906
Brasileirão,2024,"Data as of Oct. 15, 2024",26,-5085
Brazil Serie B,2024,"Data as of Oct. 15, 2024",89,-5079
Brazil Serie C,2024,"Data as of Oct. 15, 2024",321,-5153
Canadian Premier League,2024,"Data as of Oct. 15, 2024",-398,-4978
Chilean Primera B,2024,"Data as of Oct. 15, 2024",438,-4914
Chilean Primera División,2024,"Data as of Oct. 15, 2024",90,-4870
China League One,2024,"Data as of Oct. 15, 2024",148,-6045
China League Two,2024,"Data as of Oct. 15, 2024",-293,-5169
Chinese Super League,2024,"Data as of Oct. 15, 2024",51,-6010
Colombian Primera A,2024,"Data as of Oct. 15, 2024",91,-4886
Colombian Torneo BetPlay,2024,"Data as of Oct. 15, 2024",448,-4926
Ecuador Liga Pro,2024,"Data as of Oct. 15, 2024",165,-4943
Estonia Meistriliiga,2024,"Data as of Oct. 15, 2024",111,-4949
Estonian Esiliiga A,2024,"Data as of Oct. 15, 2024",112,-5003
Veikkausliiga,2024,"Data as of Oct. 15, 2024",22,-4977
Ykkösliiga,2024,"Data as of Oct. 15, 2024",35,-5100
Ykkönen,2024,"Data as of Oct. 15, 2024",-958,-6052
Erovnuli Liga,2024,"Data as of Oct. 15, 2024",166,-4967
Erovnuli Liga 2,2024,"Data as of Oct. 15, 2024",761,-4968
Iceland 1. Deild,2024,"Data as of Oct. 15, 2024",38,-5122
Besta-deild karla,2024,"Data as of Oct. 15, 2024",31,-4864
J1,2024,"Data as of Oct. 15, 2024",109,-4919
J2,2024,"Data as of Oct. 15, 2024",110,-4920
J3,2024,"Data as of Oct. 15, 2024",1272,-4863
Kazakh Premier League,2024,"Data as of Oct. 15, 2024",79,-4954
Kazakh 1. Division,2024,"Data as of Oct. 15, 2024",279,-6077
Kazakh 2. Division,2024,"Data as of Oct. 15, 2024",-773,-5162
Kazakh U18 League,2024,"Data as of Oct. 15, 2024",-764,-6080
Kazakh U17 League,2024,"Data as of Oct. 15, 2024",-963,-6088
K League 1,2024,"Data as of Oct. 15, 2024",136,-4938
K League 2,2024,"Data as of Oct. 15, 2024",1110,-4010
K3 League,2024,"Data as of Oct. 15, 2024",618,-4993
K4 League,2024,"Data as of Oct. 15, 2024",-537,-4995
Kyrgyz Premier League,2024,"Data as of Oct. 15, 2024",795,-6074
Latvian Virsliga,2024,"Data as of Oct. 15, 2024",116,-5042
Lithuanian A Lyga,2024,"Data as of Oct. 15, 2024",118,-5015
Lithuanian 1 Lyga,2024,"Data as of Oct. 15, 2024",258,-5060
Eliteserien,2024,"Data as of Oct. 15, 2024",29,-4831
OBOS Ligaen,2024,"Data as of Oct. 15, 2024",36,-4834
Norwegian 2. Division,2024,"Data as of Oct. 15, 2024",503,-4853
Panama LPF,2024,"Data as of Oct. 15, 2024",525,-5955
Paraguay Division Profesional,2024,"Data as of Oct. 15, 2024",157,-4838
Peruvian Liga 1,2024,"Data as of Oct. 15, 2024",158,-4874
Irish Premier Division,2024,"Data as of Oct. 15, 2024",34,-4856
Irish First Division,2024,"Data as of Oct. 15, 2024",77,-4857
Allsvenskan,2024,"Data as of Oct. 15, 2024",28,-4832
Superettan,2024,"Data as of Oct. 15, 2024",37,-4833
Ettan,2024,"Data as of Oct. 15, 2024",427,-4847
MLS,2024,"Data as of Oct. 15, 2024",33,-4859
MLS Next Pro,2024,"Data as of Oct. 15, 2024",-658,-6020
USL Championship,2024,"Data as of Oct. 15, 2024",1133,-4932
USL League 1,2024,"Data as of Oct. 15, 2024",-389,-4953
Uruguay Primera División,2024,"Data as of Oct. 15, 2024",162,-4939
Uzbek Super League,2024,"Data as of Oct. 15, 2024",494,-5013
Albanian Kategoria Superiore,22-23,Data Final for 22-23,48,-3670
Andorra Primera Divisió,22-23,Data Final for 22-23,139,-2991
Andorra Primera Divisio,22-23,Data Final for 22-23,139,-2991
Armenian Premier League,22-23,Data Final for 22-23,143,-3522
A-League Men,22-23,Data Final for 22-23,283,-3037
Austrian Bundesliga,22-23,Data Final for 22-23,49,-3403
Austrian 2. Liga,22-23,Data Final for 22-23,50,-3415
Azeri Premyer Liqa,22-23,Data Final for 22-23,106,-3580
Azeri Birinci Dasta,22-23,Data Final for 22-23,581,-2932
Bosnian Premier League,22-23,Data Final for 22-23,64,-3435
Bulgarian First League,22-23,Data Final for 22-23,59,-3475
Cambodian Premier League,2022,Data Final for 22-23,797,-3224
Costa Rican Primera División,22-23,Data Final for 22-23,315,-3457
Costa Rican Primera Division,22-23,Data Final for 22-23,315,-3457
1. HNL,22-23,Data Final for 22-23,61,-3398
2. HNL,22-23,Data Final for 22-23,62,-3505
Cyprus 1. Division,22-23,Data Final for 22-23,75,-3508
Cyprus 2. Division,22-23,Data Final for 22-23,486,-3079
Czech Fortuna Liga,22-23,Data Final for 22-23,82,-3430
Czech FNL,22-23,Data Final for 22-23,83,-3440
Czech 1. Liga U19,22-23,Data Final for 22-23,1071,-5050
Czech U17 League,22-23,Data Final for 22-23,-741,-5055
Superliga,22-23,Data Final for 22-23,30,-3380
Danish 1. Division,22-23,Data Final for 22-23,39,-3395
Danish 2. Division,22-23,Data Final for 22-23,40,-3456
Danish 3. Division,22-23,Data Final for 22-23,-594,-3462
Danish U19 Division,22-23,Data Final for 22-23,-267,-3481
Danish U17 Division,22-23,Data Final for 22-23,-268,-3486
Danish U19 Ligaen,22-23,Data Final for 22-23,1072,-3480
Danish U17 Ligaen,22-23,Data Final for 22-23,1189,-3484
El Salvador Primera División,22-23,Data Final for 22-23,378,-3526
English National League,22-23,Data Final for 22-23,71,-3513
English National League North South,22-23,Data Final for 22-23,302,-3678
Regionalliga,22-23,Data Final for 22-23,55,-3485
U19 Bundesliga,22-23,Data Final for 22-23,945,-3500
U17 Bundesliga,22-23,Data Final for 22-23,-223,-3531
Greek Super League,22-23,Data Final for 22-23,107,-3603
Greek U19 Super League,22-23,Data Final for 22-23,-550,-3900
Guatemalan Liga Nacional,22-23,Data Final for 22-23,320,-3479
Honduran Liga Nacional,22-23,Data Final for 22-23,463,-3538
Hong Kong Premier League,22-23,Data Final for 22-23,113,-3020
NB I,22-23,Data Final for 22-23,67,-3433
NB II,22-23,Data Final for 22-23,68,-3434
Indian Super League,22-23,Data Final for 22-23,1417,-3818
BRI Liga 1,22-23,Data Final for 22-23,629,-3409
Ligat ha'Al,22-23,Data Final for 22-23,117,-3482
Liga Leumit,22-23,Data Final for 22-23,141,-2815
Primavera 1,22-23,Data Final for 22-23,952,-3666
Kosovo Superliga,22-23,Data Final for 22-23,1152,-2879
Luxembourg National Division,22-23,Data Final for 22-23,134,-3568
Malta Premier League,22-23,Data Final for 22-23,152,-3549
Malta Challenge League,22-23,Data Final for 22-23,473,-3338
Liga MX,22-23,Data Final for 22-23,155,-3445
Liga de Expansión MX,22-23,Data Final for 22-23,156,-3492
Liga de Expansion MX,22-23,Data Final for 22-23,156,-3492
Moldovan Super Liga,22-23,Data Final for 22-23,80,-3401
Motenegro First League,22-23,Data Final for 22-23,445,-3421
Motenegro Second League,22-23,Data Final for 22-23,566,-3524
Botola Pro,22-23,Data Final for 22-23,209,-3042
Nicaragua Primera Division,22-23,Data Final for 22-23,351,-3506
North Macedonia First League,22-23,Data Final for 22-23,65,-3569
Northern Irish Premiership,22-23,Data Final for 22-23,78,-3576
Qatari Stars League,22-23,Data Final for 22-23,215,-3671
Romanian Superliga,22-23,Data Final for 22-23,85,-3443
Romanian Liga II,22-23,Data Final for 22-23,159,-3523
Russian Premier League,22-23,Data Final for 22-23,121,-2750
Russian First League,22-23,Data Final for 22-23,122,-2719
Saudi Division 1,22-23,Data Final for 22-23,573,-3700
Scottish League Two,22-23,Data Final for 22-23,47,-3450
Serbian Super Liga,22-23,Data Final for 22-23,440,-3410
Serbian Prva Liga,22-23,Data Final for 22-23,441,-3411
Slovak Super Liga,22-23,Data Final for 22-23,123,-3397
Slovak 2. Liga,22-23,Data Final for 22-23,124,-3841
Slovak U19 League,22-23,Data Final for 22-23,1220,-5053
Slovenian 1. SNL,22-23,Data Final for 22-23,86,-3442
Segunda RFEF,22-23,Data Final for 22-23,-613,-3758
Swiss Super League,22-23,Data Final for 22-23,27,-3426
Swiss Challenge League,22-23,Data Final for 22-23,99,-3418
Swiss 1. Liga Classic,22-23,Data Final for 22-23,554,-5022
Swiss 1. Liga Promotion,22-23,Data Final for 22-23,1043,-4964
Thai League 1,22-23,Data Final for 22-23,519,-3690
Thai League 2,22-23,Data Final for 22-23,782,-3691
Tunisia Ligue 1,22-23,Data Final for 22-23,210,-3021
Ukrainian Premier League,22-23,Data Final for 22-23,125,-3448
Ukrainian Persha Liga,22-23,Data Final for 22-23,233,-3498
UAE Pro League,22-23,Data Final for 22-23,344,-3596
V.League 1,2023,Data Final for 22-23,234,-4034
Welsh Premier League,22-23,Data Final for 22-23,74,-3502
Albanian Kategoria Superiore,21-22,Data Final for 21-22,48,-2877
Armenian Premier League,21-22,Data Final for 21-22,143,-2765
A-League Men,21-22,Data Final for 21-22,283,-1971
Austrian Bundesliga,21-22,Data Final for 21-22,49,-2864
Austrian 2. Liga,21-22,Data Final for 21-22,50,-2865
Azeri Premyer Liqa,21-22,Data Final for 21-22,106,-2792
Azeri Birinci Dasta,21-22,Data Final for 21-22,581,-1779
Belgian Pro League,21-22,Data Final for 21-22,24,-2730
Belgian First Division B,21-22,Data Final for 21-22,52,-2789
Bosnian Premier League,21-22,Data Final for 21-22,64,-2718
Bulgarian First League,21-22,Data Final for 21-22,59,-2722
Cambodian Premier League,2021,Data Final for 21-22,797,-2403
Costa Rican Primera División,21-22,Data Final for 21-22,315,-2780
Costa Rican Primera Division,21-22,Data Final for 21-22,315,-2780
1. HNL,21-22,Data Final for 21-22,61,-2766
2. HNL,21-22,Data Final for 21-22,62,-2774
Cyprus 1. Division,21-22,Data Final for 21-22,75,-2791
Cyprus 2. Division,21-22,Data Final for 21-22,486,-3078
Czech Fortuna Liga,21-22,Data Final for 21-22,82,-2793
Czech FNL,21-22,Data Final for 21-22,83,-2788
Superliga,21-22,Data Final for 21-22,30,-2824
Danish 1. Division,21-22,Data Final for 21-22,39,-2848
Danish 2. Division,21-22,Data Final for 21-22,40,-2820
Danish 3. Division,21-22,Data Final for 21-22,-594,-3461
Danish U19 Division,21-22,Data Final for 21-22,-267,-2773
Danish U17 Division,21-22,Data Final for 21-22,-268,-2775
Danish U19 Ligaen,21-22,Data Final for 21-22,1072,-2733
Danish U17 Ligaen,21-22,Data Final for 21-22,1189,-2734
El Salvador Primera División,21-22,Data Final for 21-22,378,-2949
English National League,21-22,Data Final for 21-22,71,-2937
English National League North South,21-22,Data Final for 21-22,302,-3639
Regionalliga,21-22,Data Final for 21-22,55,-2764
U19 Bundesliga,21-22,Data Final for 21-22,945,-2900
U17 Bundesliga,21-22,Data Final for 21-22,-223,-2903
Greek Super League,21-22,Data Final for 21-22,107,-2874
Guatemalan Liga Nacional,21-22,Data Final for 21-22,320,-2825
Honduran Liga Nacional,21-22,Data Final for 21-22,463,-2924
Hong Kong Premier League,21-22,Data Final for 21-22,113,-1822
NB I,21-22,Data Final for 21-22,67,-2720
NB II,21-22,Data Final for 21-22,68,-2716
Indian Super League,21-22,Data Final for 21-22,1417,-1852
BRI Liga 1,21-22,Data Final for 21-22,629,-2463
Ligat ha'Al,21-22,Data Final for 21-22,117,-2817
Liga Leumit,21-22,Data Final for 21-22,141,-1629
Serie A,21-22,Data Final for 21-22,13,-1694
Serie B,21-22,Data Final for 21-22,14,-2916
Serie C,21-22,Data Final for 21-22,53,-2922
Primavera 1,21-22,Data Final for 21-22,952,-2898
Kosovo Superliga,21-22,Data Final for 21-22,1152,-1759
Luxembourg National Division,21-22,Data Final for 21-22,134,-3132
Malta Premier League,21-22,Data Final for 21-22,152,-2902
Liga MX,21-22,Data Final for 21-22,155,-2709
Liga de Expansión MX,21-22,Data Final for 21-22,156,-2787
Liga de Expansion MX,21-22,Data Final for 21-22,156,-2787
Moldovan Super Liga,21-22,Data Final for 21-22,80,-2665
Motenegro First League,21-22,Data Final for 21-22,445,-2776
Motenegro Second League,21-22,Data Final for 21-22,566,-2805
Botola Pro,21-22,Data Final for 21-22,209,-1849
Eredivisie,21-22,Data Final for 21-22,1,-2843
Eerste Divisie,21-22,Data Final for 21-22,5,-2812
Tweede Divisie,21-22,Data Final for 21-22,1484,-2841
Nicaragua Primera Division,21-22,Data Final for 21-22,351,-2726
North Macedonia First League,21-22,Data Final for 21-22,65,-2752
Northern Irish Premiership,21-22,Data Final for 21-22,78,-2968
Ekstraklasa,21-22,Data Final for 21-22,119,-2794
Polish I Liga,21-22,Data Final for 21-22,120,-2814
Polish II Liga,21-22,Data Final for 21-22,558,-2813
Primeira Liga,21-22,Data Final for 21-22,63,-2875
Portuguese Segunda Liga,21-22,Data Final for 21-22,100,-2873
Portuguese Liga 3,21-22,Data Final for 21-22,-599,-3562
Qatari Stars League,21-22,Data Final for 21-22,215,-2855
Romanian Superliga,21-22,Data Final for 21-22,85,-2790
Romanian Liga II,21-22,Data Final for 21-22,159,-2836
Russian Premier League,21-22,Data Final for 21-22,121,-1554
Russian First League,21-22,Data Final for 21-22,122,-1547
Saudi Pro League,21-22,Data Final for 21-22,216,-2965
Scottish Premiership,21-22,Data Final for 21-22,43,-2717
Scottish Championship,21-22,Data Final for 21-22,45,-2955
Scottish League One,21-22,Data Final for 21-22,46,-2969
Scottish League Two,21-22,Data Final for 21-22,47,-2970
Serbian Super Liga,21-22,Data Final for 21-22,440,-2714
Serbian Prva Liga,21-22,Data Final for 21-22,441,-2770
Slovak Super Liga,21-22,Data Final for 21-22,123,-2742
Slovak 2. Liga,21-22,Data Final for 21-22,124,-3840
Slovenian 1. SNL,21-22,Data Final for 21-22,86,-2761
Swiss Super League,21-22,Data Final for 21-22,27,-2896
Swiss Challenge League,21-22,Data Final for 21-22,99,-2897
Swiss 1. Liga Promotion,21-22,Data Final for 21-22,1043,12853
Thai League 1,21-22,Data Final for 21-22,519,-2416
Thai League 2,21-22,Data Final for 21-22,782,-2427
Tunisia Ligue 1,21-22,Data Final for 21-22,210,-1732
Süper Lig,21-22,Data Final for 21-22,19,-2871
Super Lig,21-22,Data Final for 21-22,19,-2871
Turkish 1. Lig,21-22,Data Final for 21-22,97,-2872
Ukrainian Premier League,21-22,Data Final for 21-22,125,-2795
Ukrainian Persha Liga,21-22,Data Final for 21-22,233,-2851
UAE Pro League,21-22,Data Final for 21-22,344,-2957
V.League 1,2022,Data Final for 21-22,234,-3084
Welsh Premier League,21-22,Data Final for 21-22,74,-2880
Albanian Kategoria Superiore,20-21,Data Final for 20-21,48,-1793
Armenian Premier League,20-21,Data Final for 20-21,143,-1652
A-League Men,20-21,Data Final for 20-21,283,-1967
Austrian Bundesliga,20-21,Data Final for 20-21,49,-1578
Austrian 2. Liga,20-21,Data Final for 20-21,50,-1574
Azeri Premyer Liqa,20-21,Data Final for 20-21,106,-1746
Azeri Birinci Dasta,20-21,Data Final for 20-21,581,-1271
Belgian Pro League,20-21,Data Final for 20-21,24,-1591
Belgian First Division B,20-21,Data Final for 20-21,52,-1598
Bosnian Premier League,20-21,Data Final for 20-21,64,-1572
Bulgarian First League,20-21,Data Final for 20-21,59,-1552
Cambodian Premier League,2020,Data Final for 20-21,797,-2226
Costa Rican Primera División,20-21,Data Final for 20-21,315,-1575
Costa Rican Primera Division,20-21,Data Final for 20-21,315,-1575
1. HNL,20-21,Data Final for 20-21,61,-1571
2. HNL,20-21,Data Final for 20-21,62,-1744
Cyprus 1. Division,20-21,Data Final for 20-21,75,-1631
Czech Fortuna Liga,20-21,Data Final for 20-21,82,-1551
Czech FNL,20-21,Data Final for 20-21,83,-1569
Superliga,20-21,Data Final for 20-21,30,-1553
Danish 1. Division,20-21,Data Final for 20-21,39,-1658
Danish 2. Division,20-21,Data Final for 20-21,40,-1640
Danish U19 Division,20-21,Data Final for 20-21,-267,-1710
Danish U17 Division,20-21,Data Final for 20-21,-268,-1715
Danish U19 Ligaen,20-21,Data Final for 20-21,1072,-1709
Danish U17 Ligaen,20-21,Data Final for 20-21,1189,-1721
El Salvador Primera División,20-21,Data Final for 20-21,378,-1672
Premier League,20-21,Data Final for 20-21,8,-2151
Championship,20-21,Data Final for 20-21,70,-1674
League One,20-21,Data Final for 20-21,15,-1597
League Two,20-21,Data Final for 20-21,32,-1639
English National League,20-21,Data Final for 20-21,71,-1655
English National League North South,20-21,Data Final for 20-21,302,13962
Ligue 1,20-21,Data Final for 20-21,16,-1584
Ligue 2,20-21,Data Final for 20-21,17,-1576
French National 1,20-21,Data Final for 20-21,57,-1654
Bundesliga,20-21,Data Final for 20-21,9,-1606
2. Bundesliga,20-21,Data Final for 20-21,11,-1607
3. Liga,20-21,Data Final for 20-21,622,-1582
Regionalliga,20-21,Data Final for 20-21,55,-1550
U19 Bundesliga,20-21,Data Final for 20-21,945,-1714
U17 Bundesliga,20-21,Data Final for 20-21,-223,-1718
Greek Super League,20-21,Data Final for 20-21,107,-1632
Guatemalan Liga Nacional,20-21,Data Final for 20-21,320,-1587
Honduran Liga Nacional,20-21,Data Final for 20-21,463,-1666
Hong Kong Premier League,20-21,Data Final for 20-21,113,-1821
NB I,20-21,Data Final for 20-21,67,-1590
NB II,20-21,Data Final for 20-21,68,-1599
Indian Super League,20-21,Data Final for 20-21,1417,-1508
BRI Liga 1,20-21,Data Final for 20-21,629,-1943
Ligat ha'Al,20-21,Data Final for 20-21,117,-1630
Liga Leumit,20-21,Data Final for 20-21,141,-1255
Serie A,20-21,Data Final for 20-21,13,-1185
Serie B,20-21,Data Final for 20-21,14,-1727
Serie C,20-21,Data Final for 20-21,53,-1788
Primavera 1,20-21,Data Final for 20-21,952,-1858
Luxembourg National Division,20-21,Data Final for 20-21,134,-3131
Malta Premier League,20-21,Data Final for 20-21,152,-2598
Liga MX,20-21,Data Final for 20-21,155,-1567
Liga de Expansión MX,20-21,Data Final for 20-21,156,-1592
Liga de Expansion MX,20-21,Data Final for 20-21,156,-1592
Moldovan Super Liga,20-21,Data Final for 20-21,80,-2515
Motenegro First League,20-21,Data Final for 20-21,445,-1586
Motenegro Second League,20-21,Data Final for 20-21,566,-1621
Botola Pro,20-21,Data Final for 20-21,209,-1264
Eredivisie,20-21,Data Final for 20-21,1,-1589
Eerste Divisie,20-21,Data Final for 20-21,5,-1626
Tweede Divisie,20-21,Data Final for 20-21,1484,-1628
Nicaragua Primera Division,20-21,Data Final for 20-21,351,-1668
North Macedonia First League,20-21,Data Final for 20-21,65,-1725
Northern Irish Premiership,20-21,Data Final for 20-21,78,-1708
Ekstraklasa,20-21,Data Final for 20-21,119,-1556
Polish I Liga,20-21,Data Final for 20-21,120,-1581
Polish II Liga,20-21,Data Final for 20-21,558,-1583
Primeira Liga,20-21,Data Final for 20-21,63,-1711
Portuguese Segunda Liga,20-21,Data Final for 20-21,100,-1619
Qatari Stars League,20-21,Data Final for 20-21,215,-1778
Romanian Superliga,20-21,Data Final for 20-21,85,-1549
Romanian Liga II,20-21,Data Final for 20-21,159,-1651
Russian Premier League,20-21,Data Final for 20-21,121,-1096
Russian First League,20-21,Data Final for 20-21,122,-1064
Saudi Pro League,20-21,Data Final for 20-21,216,-1781
Scottish Premiership,20-21,Data Final for 20-21,43,-1693
Scottish Championship,20-21,Data Final for 20-21,45,-1593
Scottish League One,20-21,Data Final for 20-21,46,-1685
Scottish League Two,20-21,Data Final for 20-21,47,-2532
Serbian Super Liga,20-21,Data Final for 20-21,440,-1563
Serbian Prva Liga,20-21,Data Final for 20-21,441,-2769
Slovak Super Liga,20-21,Data Final for 20-21,123,-1570
Slovak 2. Liga,20-21,Data Final for 20-21,124,11828
Slovenian 1. SNL,20-21,Data Final for 20-21,86,-1555
La Liga,20-21,Data Final for 20-21,7,-1608
La Liga 2,20-21,Data Final for 20-21,12,-1609
Swiss Super League,20-21,Data Final for 20-21,27,-1573
Swiss Challenge League,20-21,Data Final for 20-21,99,-1558
Thai League 1,20-21,Data Final for 20-21,519,-2230
Thai League 2,20-21,Data Final for 20-21,782,-2231
Tunisia Ligue 1,20-21,Data Final for 20-21,210,-1230
Süper Lig,20-21,Data Final for 20-21,19,-1734
Super Lig,20-21,Data Final for 20-21,19,-1734
Turkish 1. Lig,20-21,Data Final for 20-21,97,-1742
Ukrainian Premier League,20-21,Data Final for 20-21,125,-1585
Ukrainian Persha Liga,20-21,Data Final for 20-21,233,-1596
UAE Pro League,20-21,Data Final for 20-21,344,-1917
V.League 1,2021,Data Final for 20-21,234,-2465
Welsh Premier League,20-21,Data Final for 20-21,74,12645
New South Wales NPL,2022,Data Final for 2022,606,-3201
Queensland NPL,2022,Data Final for 2022,608,-3216
South Australia NPL,2022,Data Final for 2022,607,-3281
Victoria NPL,2022,Data Final for 2022,318,-3198
Bolivian LFPB,2022,Data Final for 2022,69,-3222
Brasileirão,2022,Data Final for 2022,26,-3306
Brasileirao,2022,Data Final for 2022,26,-3306
Brazil Serie B,2022,Data Final for 2022,89,-3305
Brazil Serie C,2022,Data Final for 2022,321,-3311
Canadian Premier League,2022,Data Final for 2022,-398,-4081
Chilean Primera B,2022,Data Final for 2022,438,-3277
Chilean Primera División,2022,Data Final for 2022,90,-3263
Chilean Primera Division,2022,Data Final for 2022,90,-3263
Chinese Super League,2022,Data Final for 2022,51,-3299
China League One,2022,Data Final for 2022,148,-3304
Colombian Primera A,2022,Data Final for 2022,91,-3087
Colombian Torneo BetPlay,2022,Data Final for 2022,448,-3088
Ecuador Liga Pro,2022,Data Final for 2022,165,-3172
Estonia Meistriliiga,2022,Data Final for 2022,111,-4039
Veikkausliiga,2022,Data Final for 2022,22,-2484
Ykkösliiga,2022,Data Final for 2022,35,-3309
Ykkosliiga,2022,Data Final for 2022,35,-3309
Erovnuli Liga,2022,Data Final for 2022,166,-3154
Erovnuli Liga 2,2022,Data Final for 2022,761,-3200
Iceland 1. Deild,2022,Data Final for 2022,38,-3321
Besta-deild karla,2022,Data Final for 2022,31,-3295
Panama LPF,2022,Data Final for 2022,525,-3181
Paraguay Division Profesional,2022,Data Final for 2022,157,-3761
Peruvian Liga 1,2022,Data Final for 2022,158,-3230
Irish Premier Division,2022,Data Final for 2022,34,-3241
Irish First Division,2022,Data Final for 2022,77,-3247
Uruguay Primera División,2022,Data Final for 2022,162,-3327
Uruguay Primera Division,2022,Data Final for 2022,162,-3327
Uzbek Super League,2022,Data Final for 2022,494,-3225
New South Wales NPL,2021,Data Final for 2021,606,-2604
Queensland NPL,2021,Data Final for 2021,608,-2519
South Australia NPL,2021,Data Final for 2021,607,-2521
Victoria NPL,2021,Data Final for 2021,318,-2525
Bolivian LFPB,2021,Data Final for 2021,69,-2372
Brasileirão,2021,Data Final for 2021,26,-2509
Brasileirao,2021,Data Final for 2021,26,-2509
Brazil Serie B,2021,Data Final for 2021,89,-2508
Brazil Serie C,2021,Data Final for 2021,321,-2510
Canadian Premier League,2021,Data Final for 2021,-398,-2477
Chilean Primera B,2021,Data Final for 2021,438,-2447
Chilean Primera División,2021,Data Final for 2021,90,-2373
Chilean Primera Division,2021,Data Final for 2021,90,-2373
Chinese Super League,2021,Data Final for 2021,51,-2446
China League One,2021,Data Final for 2021,148,-2597
Colombian Primera A,2021,Data Final for 2021,91,-2181
Colombian Torneo BetPlay,2021,Data Final for 2021,448,-2375
Ecuador Liga Pro,2021,Data Final for 2021,165,-2374
Estonia Meistriliiga,2021,Data Final for 2021,111,-2470
Veikkausliiga,2021,Data Final for 2021,22,-3185
Ykkösliiga,2021,Data Final for 2021,35,-2654
Ykkosliiga,2021,Data Final for 2021,35,-2654
Erovnuli Liga,2021,Data Final for 2021,166,-2448
Erovnuli Liga 2,2021,Data Final for 2021,761,-2449
Iceland 1. Deild,2021,Data Final for 2021,38,-2645
Besta-deild karla,2021,Data Final for 2021,31,-2617
J1,2021,Data Final for 2021,109,-2442
J2,2021,Data Final for 2021,110,-2445
J3,2021,Data Final for 2021,1272,-2347
Kazakh Premier League,2021,Data Final for 2021,79,-2471
K League 1,2021,Data Final for 2021,136,-2436
K League 2,2021,Data Final for 2021,1110,-2466
K3 League,2021,Data Final for 2021,618,-2622
K4 League,2021,Data Final for 2021,-537,-2624
Kyrgyz Premier League,2021,Data Final for 2021,795,-2499
Latvian Virsliga,2021,Data Final for 2021,116,-2469
Lithuanian A Lyga,2021,Data Final for 2021,118,-2491
Eliteserien,2021,Data Final for 2021,29,-2482
OBOS Ligaen,2021,Data Final for 2021,36,-2486
Norwegian 2. Division,2021,Data Final for 2021,503,-2505
Panama LPF,2021,Data Final for 2021,525,-2422
Paraguay Division Profesional,2021,Data Final for 2021,157,-2182
Peruvian Liga 1,2021,Data Final for 2021,158,-2391
Irish Premier Division,2021,Data Final for 2021,34,-2417
Irish First Division,2021,Data Final for 2021,77,-2454
Allsvenskan,2021,Data Final for 2021,28,-2483
Superettan,2021,Data Final for 2021,37,-2480
Ettan,2021,Data Final for 2021,427,-2485
MLS,2021,Data Final for 2021,33,-2405
USL Championship,2021,Data Final for 2021,1133,-2406
Uruguay Primera División,2021,Data Final for 2021,162,-2426
Uruguay Primera Division,2021,Data Final for 2021,162,-2426
Uzbek Super League,2021,Data Final for 2021,494,-2458
New South Wales NPL,2020,Data Final for 2020,606,-2724
Queensland NPL,2020,Data Final for 2020,608,-2518
South Australia NPL,2020,Data Final for 2020,607,-2520
Victoria NPL,2020,Data Final for 2020,318,-2524
Bolivian LFPB,2020,Data Final for 2020,69,-2035
Brasileirão,2020,Data Final for 2020,26,-2008
Brasileirao,2020,Data Final for 2020,26,-2008
Brazil Serie B,2020,Data Final for 2020,89,-1982
Brazil Serie C,2020,Data Final for 2020,321,-1838
Canadian Premier League,2020,Data Final for 2020,-398,-2239
Chilean Primera B,2020,Data Final for 2020,438,-1960
Chilean Primera División,2020,Data Final for 2020,90,-1901
Chilean Primera Division,2020,Data Final for 2020,90,-1901
Chinese Super League,2020,Data Final for 2020,51,-2710
China League One,2020,Data Final for 2020,148,-2876
Colombian Primera A,2020,Data Final for 2020,91,-2003
Colombian Torneo BetPlay,2020,Data Final for 2020,448,-1991
Ecuador Liga Pro,2020,Data Final for 2020,165,-2037
Estonia Meistriliiga,2020,Data Final for 2020,111,-2043
Veikkausliiga,2020,Data Final for 2020,22,-2663
Ykkösliiga,2020,Data Final for 2020,35,-2411
Ykkosliiga,2020,Data Final for 2020,35,-2411
Erovnuli Liga,2020,Data Final for 2020,166,-2236
Erovnuli Liga 2,2020,Data Final for 2020,761,-2237
Iceland 1. Deild,2020,Data Final for 2020,38,-2644
Besta-deild karla,2020,Data Final for 2020,31,-2048
J1,2020,Data Final for 2020,109,-2234
J2,2020,Data Final for 2020,110,-2126
J3,2020,Data Final for 2020,1272,-2658
Kazakh Premier League,2020,Data Final for 2020,79,-1927
K League 1,2020,Data Final for 2020,136,-1992
K League 2,2020,Data Final for 2020,1110,-2238
K3 League,2020,Data Final for 2020,618,-2619
K4 League,2020,Data Final for 2020,-537,-2623
Kyrgyz Premier League,2020,Data Final for 2020,795,-1667
Latvian Virsliga,2020,Data Final for 2020,116,-2050
Lithuanian A Lyga,2020,Data Final for 2020,118,-2052
Eliteserien,2020,Data Final for 2020,29,-2061
OBOS Ligaen,2020,Data Final for 2020,36,-2662
Norwegian 2. Division,2020,Data Final for 2020,503,-1961
Panama LPF,2020,Data Final for 2020,525,-1637
Paraguay Division Profesional,2020,Data Final for 2020,157,-2067
Peruvian Liga 1,2020,Data Final for 2020,158,-2378
Irish Premier Division,2020,Data Final for 2020,34,-2235
Irish First Division,2020,Data Final for 2020,77,-2453
Allsvenskan,2020,Data Final for 2020,28,-2034
Superettan,2020,Data Final for 2020,37,-2036
Ettan,2020,Data Final for 2020,427,-2039
MLS,2020,Data Final for 2020,33,-1985
USL Championship,2020,Data Final for 2020,1133,-2002
Uruguay Primera División,2020,Data Final for 2020,162,-1886
Uruguay Primera Division,2020,Data Final for 2020,162,-1886
Uzbek Super League,2020,Data Final for 2020,494,-1820
Malaysian Super League,24-25,"Data as of Oct. 15, 2024",153,-4935
Albanian Kategoria Superiore,24-25,"Data as of Oct. 15, 2024",48,-5576
Andorra Primera Divisió,24-25,"Data as of Oct. 15, 2024",139,-6457
Andorra Primera Divisio,24-25,"Data as of Oct. 15, 2024",139,-6457
Armenian Premier League,24-25,"Data as of Oct. 15, 2024",143,-5361
Austrian Bundesliga,24-25,"Data as of Oct. 15, 2024",49,-5321
Austrian 2. Liga,24-25,"Data as of Oct. 15, 2024",50,-5322
Azeri Premyer Liqa,24-25,"Data as of Oct. 15, 2024",106,-5449
Azeri Birinci Dasta,24-25,"Data as of Oct. 15, 2024",581,-6424
Bahrain Premier League,24-25,"Data as of Oct. 15, 2024",238,-6461
Belgian Pro League,24-25,"Data as of Oct. 15, 2024",24,-5291
Belgian First Division B,24-25,"Data as of Oct. 15, 2024",52,-5294
Bosnian Premier League,24-25,"Data as of Oct. 15, 2024",64,-5323
Bulgarian First League,24-25,"Data as of Oct. 15, 2024",59,-5283
Cambodian Premier League,24-25,"Data as of Oct. 15, 2024",797,-6300
Costa Rican Primera División,24-25,"Data as of Oct. 15, 2024",315,-5287
Costa Rican Primera Division,24-25,"Data as of Oct. 15, 2024",315,-5287
1. HNL,24-25,"Data as of Oct. 15, 2024",61,-5279
2. HNL,24-25,"Data as of Oct. 15, 2024",62,-5354
Cyprus 1. Division,24-25,"Data as of Oct. 15, 2024",75,-5448
Cyprus 2. Division,24-25,"Data as of Oct. 15, 2024",486,-5594
Czech Fortuna Liga,24-25,"Data as of Oct. 15, 2024",82,-5281
Czech FNL,24-25,"Data as of Oct. 15, 2024",83,-5286
Czech 1. Liga U19,24-25,"Data as of Oct. 15, 2024",1071,-5412
Czech U17 League,24-25,"Data as of Oct. 15, 2024",-741,-6337
Superliga,24-25,"Data as of Oct. 15, 2024",30,-5259
Danish 1. Division,24-25,"Data as of Oct. 15, 2024",39,-5274
Danish 2. Division,24-25,"Data as of Oct. 15, 2024",40,-5335
Danish 3. Division,24-25,"Data as of Oct. 15, 2024",-594,-5336
Danish U19 Division,24-25,"Data as of Oct. 15, 2024",-267,-6285
Danish U17 Division,24-25,"Data as of Oct. 15, 2024",-268,-6205
Danish U19 Ligaen,24-25,"Data as of Oct. 15, 2024",1072,-6209
Danish U17 Ligaen,24-25,"Data as of Oct. 15, 2024",1189,-6206
El Salvador Primera División,24-25,"Data as of Oct. 15, 2024",378,-5604
Premier League,24-25,"Data as of Oct. 15, 2024",8,-5249
Championship,24-25,"Data as of Oct. 15, 2024",70,-5292
League One,24-25,"Data as of Oct. 15, 2024",15,-5293
League Two,24-25,"Data as of Oct. 15, 2024",32,-5295
English National League,24-25,"Data as of Oct. 15, 2024",71,-5386
English National League North South,24-25,"Data as of Oct. 15, 2024",302,-5401
Ligue 1,24-25,"Data as of Oct. 15, 2024",16,-5313
Ligue 2,24-25,"Data as of Oct. 15, 2024",17,-5348
French National 1,24-25,"Data as of Oct. 15, 2024",57,-5518
Bundesliga,24-25,"Data as of Oct. 15, 2024",9,-5311
2. Bundesliga,24-25,"Data as of Oct. 15, 2024",11,-5317
3. Liga,24-25,"Data as of Oct. 15, 2024",622,-5362
Regionalliga,24-25,"Data as of Oct. 15, 2024",55,-6214
U19 Bundesliga,24-25,"Data as of Oct. 15, 2024",945,-5423
U17 Bundesliga,24-25,"Data as of Oct. 15, 2024",-223,-5403
Greek Super League,24-25,"Data as of Oct. 15, 2024",107,-5446
Greek Super League 2,24-25,"Data as of Oct. 15, 2024",-447,-6496
Guatemalan Liga Nacional,24-25,"Data as of Oct. 15, 2024",320,-6181
Honduran Liga Nacional,24-25,"Data as of Oct. 15, 2024",463,-5422
Hong Kong Premier League,24-25,"Data as of Oct. 15, 2024",113,-5622
NB I,24-25,"Data as of Oct. 15, 2024",67,-5290
NB II,24-25,"Data as of Oct. 15, 2024",68,-5324
Indian Super League,24-25,"Data as of Oct. 15, 2024",1417,-5721
BRI Liga 1,24-25,"Data as of Oct. 15, 2024",629,-6277
Ligat ha'Al,24-25,"Data as of Oct. 15, 2024",117,-5297
Liga Leumit,24-25,"Data as of Oct. 15, 2024",141,-5296
Serie A,24-25,"Data as of Oct. 15, 2024",13,-5314
Serie B,24-25,"Data as of Oct. 15, 2024",14,-5425
Serie C,24-25,"Data as of Oct. 15, 2024",53,-5602
Primavera 1,24-25,"Data as of Oct. 15, 2024",952,-5511
Jordan Pro League,24-25,"Data as of Oct. 15, 2024",218,-6282
Luxembourg National Division,24-25,"Data as of Oct. 15, 2024",134,-5341
Malta Premier League,24-25,"Data as of Oct. 15, 2024",152,-6351
Malta Challenge League,24-25,"Data as of Oct. 15, 2024",473,-6476
Liga MX,24-25,"Data as of Oct. 15, 2024",155,-5250
Liga de Expansión MX,24-25,"Data as of Oct. 15, 2024",156,-5364
Liga de Expansion MX,24-25,"Data as of Oct. 15, 2024",156,-5364
Mexican U23 League,24-25,"Data as of Oct. 15, 2024",-799,-6190
Mexican U19 League,24-25,"Data as of Oct. 15, 2024",-983,-6211
Mexican U17 League,24-25,"Data as of Oct. 15, 2024",1257,-6212
Moldovan Super Liga,24-25,"Data as of Oct. 15, 2024",80,-5472
Motenegro First League,24-25,"Data as of Oct. 15, 2024",445,-6199
Motenegro Second League,24-25,"Data as of Oct. 15, 2024",566,-5358
Botola Pro,24-25,"Data as of Oct. 15, 2024",209,-6398
Eredivisie,24-25,"Data as of Oct. 15, 2024",1,-5352
Eerste Divisie,24-25,"Data as of Oct. 15, 2024",5,-5355
Tweede Divisie,24-25,"Data as of Oct. 15, 2024",1484,-5367
Nicaragua Primera Division,24-25,"Data as of Oct. 15, 2024",351,-5436
Nigerian Creative Championship,24-25,"Data as of Oct. 15, 2024",-911,-6494
North Macedonia First League,24-25,"Data as of Oct. 15, 2024",65,-5552
Northern Irish Premiership,24-25,"Data as of Oct. 15, 2024",78,-5337
Ekstraklasa,24-25,"Data as of Oct. 15, 2024",119,-5258
Polish I Liga,24-25,"Data as of Oct. 15, 2024",120,-5276
Polish II Liga,24-25,"Data as of Oct. 15, 2024",558,-5277
Primeira Liga,24-25,"Data as of Oct. 15, 2024",63,-5377
Portuguese Segunda Liga,24-25,"Data as of Oct. 15, 2024",100,-6095
Portuguese Liga 3,24-25,"Data as of Oct. 15, 2024",-599,-5431
Portuguese Liga Revelação Sub 23,24-25,"Data as of Oct. 15, 2024",-371,-5437
Portuguese Júniores U19,24-25,"Data as of Oct. 15, 2024",1076,-6299
Portuguese Júniores U17,24-25,"Data as of Oct. 15, 2024",1251,-6298
Qatari Stars League,24-25,"Data as of Oct. 15, 2024",215,-5567
Romanian Superliga,24-25,"Data as of Oct. 15, 2024",85,-6198
Romanian Liga II,24-25,"Data as of Oct. 15, 2024",159,-5450
Russian Premier League,24-25,"Data as of Oct. 15, 2024",121,-5333
Saudi Pro League,24-25,"Data as of Oct. 15, 2024",216,-5406
Saudi Division 1,24-25,"Data as of Oct. 15, 2024",573,-5443
Scottish Premiership,24-25,"Data as of Oct. 15, 2024",43,-5343
Scottish Championship,24-25,"Data as of Oct. 15, 2024",45,-5326
Scottish League One,24-25,"Data as of Oct. 15, 2024",46,-5349
Scottish League Two,24-25,"Data as of Oct. 15, 2024",47,-5350
Serbian Super Liga,24-25,"Data as of Oct. 15, 2024",440,-5490
Serbian Prva Liga,24-25,"Data as of Oct. 15, 2024",441,-5497
Serbian U19 League,24-25,"Data as of Oct. 15, 2024",-777,-6359
Serbian U17 League,24-25,"Data as of Oct. 15, 2024",-880,-6386
Slovak Super Liga,24-25,"Data as of Oct. 15, 2024",123,-5320
Slovak 2. Liga,24-25,"Data as of Oct. 15, 2024",124,-5359
Slovak U19 League,24-25,"Data as of Oct. 15, 2024",1220,-6187
Slovenian 1. SNL,24-25,"Data as of Oct. 15, 2024",86,-5285
Slovenian 2. SNL,24-25,"Data as of Oct. 15, 2024",299,-6225
La Liga,24-25,"Data as of Oct. 15, 2024",7,-5315
La Liga 2,24-25,"Data as of Oct. 15, 2024",12,-5351
Primera RFEF,24-25,"Data as of Oct. 15, 2024",-602,-5499
Segunda RFEF,24-25,"Data as of Oct. 15, 2024",-613,-5524
Swiss Super League,24-25,"Data as of Oct. 15, 2024",27,-6049
Swiss Challenge League,24-25,"Data as of Oct. 15, 2024",99,-5284
Swiss 1. Liga Classic,24-25,"Data as of Oct. 15, 2024",554,-6216
Swiss 1. Liga Promotion,24-25,"Data as of Oct. 15, 2024",1043,-6200
Swiss U19 Elite,24-25,"Data as of Oct. 15, 2024",-791,-6272
Swiss U17 Elite,24-25,"Data as of Oct. 15, 2024",-794,-6271
Thai League 1,24-25,"Data as of Oct. 15, 2024",519,-5387
Thai League 2,24-25,"Data as of Oct. 15, 2024",782,-5442
Tunisia Ligue 1,24-25,"Data as of Oct. 15, 2024",210,-5588
Süper Lig,24-25,"Data as of Oct. 15, 2024",19,-5440
Super Lig,24-25,"Data as of Oct. 15, 2024",19,-5440
Turkish 1. Lig,24-25,"Data as of Oct. 15, 2024",97,-5455
Ukrainian Premier League,24-25,"Data as of Oct. 15, 2024",125,-5338
Ukrainian Persha Liga,24-25,"Data as of Oct. 15, 2024",233,-5339
UAE Pro League,24-25,"Data as of Oct. 15, 2024",344,-6368
V.League 1,24-25,"Data as of Oct. 15, 2024",234,-5770
Welsh Premier League,24-25,"Data as of Oct. 15, 2024",74,-5356
